[{
  "orderHistory": {
    "orderId": "GPA.3395-3977-5853-90610",
    "creationTime": "2018-12-12T02:33:06.378Z",
    "billingInstrument": {
      "cardClass": "DEBIT",
      "cardType": "VISA",
      "expiration": "6/2021",
      "displayName": "Visa-9749"
    },
    "otherInstruments": [{
      "cardClass": "DEBIT",
      "cardType": "VISA",
      "expiration": "6/2021",
      "displayName": "Visa-9749"
    }],
    "billingContact": {
      "name": "Kevin Zhu",
      "countryCode": "US",
      "city": "ARLINGTON",
      "state": "VA",
      "postalCode": "22202"
    },
    "associatedContact": [{
      "name": "Kevin Zhu",
      "countryCode": "US",
      "city": "ARLINGTON",
      "state": "VA",
      "postalCode": "22202"
    }],
    "ipAddress": "72.66.90.96",
    "ipCountry": "US",
    "userLocale": {
      "languageCode": "zh_CN",
      "country": "US"
    },
    "totalPrice": "$9.99",
    "tax": "$0.00",
    "refundAmount": "US$9.99",
    "preorder": false,
    "lineItem": [{
      "doc": {
        "documentType": "Android Apps",
        "title": "《王国：新大陆》"
      },
      "quantity": "1"
    }]
  }
},
{
  "orderHistory": {
    "orderId": "GPA.3398-3478-4366-31034",
    "creationTime": "2018-11-20T03:24:06.913Z",
    "billingInstrument": {
      "cardClass": "DEBIT",
      "cardType": "VISA",
      "expiration": "6/2021",
      "displayName": "Visa-9749"
    },
    "otherInstruments": [{
      "cardClass": "DEBIT",
      "cardType": "VISA",
      "expiration": "6/2021",
      "displayName": "Visa-9749"
    }],
    "billingContact": {
      "name": "Kevin Zhu",
      "countryCode": "US",
      "city": "ARLINGTON",
      "state": "VA",
      "postalCode": "22202"
    },
    "associatedContact": [{
      "name": "Kevin Zhu",
      "countryCode": "US",
      "city": "ARLINGTON",
      "state": "VA",
      "postalCode": "22202"
    }],
    "ipAddress": "72.66.90.96",
    "ipCountry": "US",
    "userLocale": {
      "languageCode": "zh_CN",
      "country": "US"
    },
    "totalPrice": "$1.99",
    "tax": "$0.00",
    "refundAmount": "US$1.99",
    "preorder": false,
    "lineItem": [{
      "doc": {
        "documentType": "Android Apps",
        "title": "Kingdom Rush Frontiers"
      },
      "quantity": "1"
    }]
  }
}]