[{
  "purchaseHistory": {
    "invoicePrice": "$0.00",
    "paymentMethodTitle": "",
    "userLanguageCode": "en_US",
    "userCountry": "US",
    "doc": {
      "documentType": "Android Apps",
      "title": "Google Play Music"
    },
    "purchaseTime": "2018-09-20T17:52:49.133Z"
  }
},
{
  "purchaseHistory": {
    "invoicePrice": "$0.00",
    "paymentMethodTitle": "",
    "userLanguageCode": "en_US",
    "userCountry": "US",
    "doc": {
      "documentType": "Android Apps",
      "title": "Google Play Movies \u0026 TV"
    },
    "purchaseTime": "2018-09-20T17:52:29.156Z"
  }
},
{
  "purchaseHistory": {
    "invoicePrice": "$0.00",
    "paymentMethodTitle": "",
    "userLanguageCode": "en_US",
    "userCountry": "US",
    "doc": {
      "documentType": "Android Apps",
      "title": "Google Play Books - Ebooks, Audiobooks, and Comics"
    },
    "purchaseTime": "2018-09-20T17:51:54.240Z"
  }
},
{
  "purchaseHistory": {
    "invoicePrice": "$0.00",
    "paymentMethodTitle": "",
    "userLanguageCode": "en_US",
    "userCountry": "US",
    "doc": {
      "documentType": "Android Apps",
      "title": "Clock"
    },
    "purchaseTime": "2018-09-20T17:51:42.514Z"
  }
},
{
  "purchaseHistory": {
    "invoicePrice": "$0.00",
    "paymentMethodTitle": "",
    "userLanguageCode": "en_US",
    "userCountry": "US",
    "doc": {
      "documentType": "Movie",
      "title": "The Cabin In The Woods"
    },
    "purchaseTime": "2018-08-26T22:02:22.090Z"
  }
},
{
  "purchaseHistory": {
    "invoicePrice": "$0.00",
    "paymentMethodTitle": "",
    "userLanguageCode": "en_US",
    "userCountry": "US",
    "doc": {
      "documentType": "Movie",
      "title": "Justice League"
    },
    "purchaseTime": "2018-05-10T01:42:26.698Z"
  }
},
{
  "purchaseHistory": {
    "invoicePrice": "$0.00",
    "paymentMethodTitle": "",
    "doc": {
      "documentType": "Subscription",
      "title": "Unknown Item"
    },
    "purchaseTime": "2018-04-18T17:44:09.564Z"
  }
}]